{"_timestamp":1.730490260952704e+09,"_wandb":{"runtime":474},"Rank-0 Batch Wise/train_min_lr":7.95519487941479e-05,"_runtime":473.722766159,"_step":174,"Rank-0 Batch Wise/train_loss":4.542716979980469,"Rank-0 Batch Wise/global_train_step":174,"Rank-0 Batch Wise/train_class_acc":0.0390625,"Rank-0 Batch Wise/train_max_lr":7.95519487941479e-05}