{"_wandb":{"runtime":388},"Rank-0 Batch Wise/train_class_acc":0.01171875,"_timestamp":1.7304750056782424e+09,"Rank-0 Batch Wise/global_train_step":174,"Rank-0 Batch Wise/train_loss":4.915583610534668,"_runtime":368.508959032,"Rank-0 Batch Wise/train_min_lr":7.95519487941479e-05,"Rank-0 Batch Wise/train_max_lr":7.95519487941479e-05,"_step":174}