{"_wandb":{"runtime":457},"_step":174,"Rank-0 Batch Wise/global_train_step":174,"_timestamp":1.7304824184872599e+09,"Rank-0 Batch Wise/train_min_lr":7.95519487941479e-05,"_runtime":424.848280743,"Rank-0 Batch Wise/train_max_lr":7.95519487941479e-05,"Rank-0 Batch Wise/train_class_acc":0.02734375,"Rank-0 Batch Wise/train_loss":4.642688274383545}