{"_runtime":415.574881538,"Rank-0 Batch Wise/train_class_acc":0.04296875,"Rank-0 Batch Wise/train_max_lr":7.95519487941479e-05,"_wandb":{"runtime":545},"_timestamp":1.730484582927663e+09,"_step":174,"Rank-0 Batch Wise/train_min_lr":7.95519487941479e-05,"Rank-0 Batch Wise/global_train_step":174,"Rank-0 Batch Wise/train_loss":4.833698749542236}