{"Rank-0 Batch Wise/train_min_lr":7.95519487941479e-05,"Rank-0 Batch Wise/train_loss":4.851321220397949,"_runtime":423.729567965,"_step":174,"Rank-0 Batch Wise/global_train_step":174,"Rank-0 Batch Wise/train_max_lr":7.95519487941479e-05,"_wandb":{"runtime":453},"_timestamp":1.7304774023546808e+09,"Rank-0 Batch Wise/train_class_acc":0.03515625}