{"_timestamp":1.730476851637187e+09,"_wandb":{"runtime":417},"Rank-0 Batch Wise/train_max_lr":7.95519487941479e-05,"_step":174,"_runtime":395.382643637,"Rank-0 Batch Wise/train_class_acc":0.0234375,"Rank-0 Batch Wise/train_loss":4.7479448318481445,"Rank-0 Batch Wise/train_min_lr":7.95519487941479e-05,"Rank-0 Batch Wise/global_train_step":174}