{"Rank-0 Batch Wise/train_class_acc":0.02734375,"Rank-0 Batch Wise/train_loss":4.77841854095459,"_wandb":{"runtime":474},"Rank-0 Batch Wise/train_max_lr":7.95519487941479e-05,"_runtime":436.134707568,"_step":174,"Rank-0 Batch Wise/train_min_lr":7.95519487941479e-05,"_timestamp":1.7304780406672127e+09,"Rank-0 Batch Wise/global_train_step":174}