{"_step":174,"_runtime":424.833511787,"Rank-0 Batch Wise/train_class_acc":0.03125,"Rank-0 Batch Wise/global_train_step":174,"Rank-0 Batch Wise/train_loss":4.779977798461914,"_wandb":{"runtime":454},"_timestamp":1.7304818245943477e+09,"Rank-0 Batch Wise/train_max_lr":7.95519487941479e-05,"Rank-0 Batch Wise/train_min_lr":7.95519487941479e-05}