{"_runtime":419.71804071,"Rank-0 Batch Wise/train_min_lr":7.959790747769002e-05,"Rank-0 Batch Wise/global_train_step":194,"Rank-0 Batch Wise/train_class_acc":0.05078125,"Rank-0 Batch Wise/train_loss":4.505694389343262,"_timestamp":1.7305677936672857e+09,"Rank-0 Batch Wise/train_max_lr":7.959790747769002e-05,"_wandb":{"runtime":504},"_step":194}