{"Rank-0 Batch Wise/train_class_acc":0.0546875,"_wandb":{"runtime":1250},"Rank-0 Batch Wise/train_max_lr":1.4173048348382672e-05,"_runtime":1247.344530742,"_timestamp":1.7304879153704224e+09,"_step":381,"Rank-0 Batch Wise/train_loss":4.44277811050415,"Rank-0 Batch Wise/train_min_lr":1.4173048348382672e-05,"Rank-0 Batch Wise/global_train_step":31}